分组,索引,物品名称,双手武器,掉怪等级,占格宽度,占格高度,最小攻击力,最大攻击力,防御率,防御力,魔法防御,攻击速度,鞋子属性,持久度,魔法攻击率,力量需求,敏捷需求,等级需求,价格参数,书,22,书极光以上非零,0,类型,9,9,9,9,法师,战士,精灵,魔剑士,防冰,防毒,防雷,防火
0,0,波刃剑,0,6,1,2,6,11,0,0,0,50,0,20,0,0,40,0,40,0,0,0,0,0,0,0,0,0,1,1,1,1,0,0,0,0
0,1,短剑,0,3,1,3,3,7,0,0,0,20,0,22,0,0,60,0,0,0,0,0,0,0,0,0,0,0,1,1,1,1,0,0,0,0
0,2,西洋剑,0,9,1,3,9,15,0,0,0,40,0,23,0,0,50,0,40,0,0,0,0,0,0,0,0,0,0,1,1,1,0,0,0,0
0,3,东洋刀,0,16,1,3,16,26,0,0,0,35,0,27,0,0,80,0,40,0,0,0,0,0,0,0,0,0,0,1,0,1,0,0,0,0
0,4,暗杀者,0,12,1,3,12,18,0,0,0,30,0,24,0,0,60,0,40,0,0,0,0,0,0,0,0,0,0,1,0,1,0,0,0,0
0,5,极光刀,0,36,1,3,36,47,0,0,0,30,0,39,0,0,80,0,50,0,0,0,0,0,0,0,0,0,1,1,1,1,0,0,0,0
0,6,拉丁剑,0,20,1,3,20,30,0,0,0,20,0,30,0,0,110,0,0,0,0,0,0,0,0,0,0,0,0,1,1,1,0,0,0,0
0,7,偃月刀,0,24,1,3,24,34,0,0,0,25,0,34,0,0,120,0,0,0,0,0,0,0,0,0,0,0,0,1,0,1,0,0,0,0
0,8,巨蛇魔剑,0,30,1,3,30,40,0,0,0,20,0,36,0,0,130,0,0,0,0,0,0,0,0,0,0,0,0,1,0,1,0,0,0,0
0,9,背叛者,1,32,2,3,32,46,0,0,0,30,0,40,0,0,103,0,0,0,0,0,0,0,0,0,0,0,0,1,0,1,0,0,0,0
0,10,天行者,1,40,2,4,47,61,0,0,0,25,0,50,0,0,80,0,60,0,0,0,0,0,0,0,0,0,0,1,1,1,0,0,0,0
0,11,传说之剑,1,44,2,3,56,72,0,0,0,20,0,54,0,0,120,0,0,0,0,0,0,0,0,0,0,0,0,1,0,1,0,0,0,0
0,12,太阳之剑,1,56,2,3,73,98,0,0,0,25,0,66,0,0,140,0,0,0,0,0,0,0,0,0,0,0,0,1,0,1,0,0,0,0
0,13,真红之剑,0,48,1,3,48,56,0,0,0,30,0,43,0,0,70,0,70,0,0,0,0,0,0,0,0,0,0,1,1,1,0,0,0,0
0,14,雷神之剑,0,59,1,3,59,67,0,0,0,30,0,50,0,0,90,0,50,0,0,0,0,0,0,0,0,0,0,1,1,1,0,0,0,0
0,15,帝王之剑,1,52,2,3,60,85,0,0,0,20,0,60,0,0,140,0,0,0,0,0,0,0,0,0,0,0,0,1,0,1,0,0,0,0
0,16,破坏之剑,0,82,1,4,82,90,0,0,0,35,0,84,0,0,160,0,60,0,0,0,0,0,0,0,0,0,0,1,0,1,0,0,0,0
0,17,屠龙刀,1,104,2,4,138,163,0,0,0,40,0,89,0,0,180,0,50,0,0,0,0,0,0,0,0,0,0,2,0,0,0,0,0,0
0,18,奔雷剑,1,105,2,3,120,158,0,0,0,40,0,86,0,0,180,0,50,0,0,0,0,0,0,0,0,0,0,0,0,1,0,0,0,0
0,19,大天使之剑,0,86,1,4,120,130,0,0,0,35,0,84,0,0,140,0,50,0,0,0,0,0,0,0,0,0,0,1,0,1,0,0,0,0
0,20,20,0,0,0,0,0,0,0,0,0,0,0,0,0,0,0,0,0,0,0,0,0,0,0,0,0,0,0,0,0,0,0,0,0,0
0,21,21,0,0,0,0,0,0,0,0,0,0,0,0,0,0,0,0,0,0,0,0,0,0,0,0,0,0,0,0,0,0,0,0,0,0
0,22,22,0,0,0,0,0,0,0,0,0,0,0,0,0,0,0,0,0,0,0,0,0,0,0,0,0,0,0,0,0,0,0,0,0,0
0,23,23,0,0,0,0,0,0,0,0,0,0,0,0,0,0,0,0,0,0,0,0,0,0,0,0,0,0,0,0,0,0,0,0,0,0
0,24,24,0,0,0,0,0,0,0,0,0,0,0,0,0,0,0,0,0,0,0,0,0,0,0,0,0,0,0,0,0,0,0,0,0,0
0,25,25,0,0,0,0,0,0,0,0,0,0,0,0,0,0,0,0,0,0,0,0,0,0,0,0,0,0,0,0,0,0,0,0,0,0
0,26,26,0,0,0,0,0,0,0,0,0,0,0,0,0,0,0,0,0,0,0,0,0,0,0,0,0,0,0,0,0,0,0,0,0,0
0,27,27,0,0,0,0,0,0,0,0,0,0,0,0,0,0,0,0,0,0,0,0,0,0,0,0,0,0,0,0,0,0,0,0,0,0
0,28,28,0,0,0,0,0,0,0,0,0,0,0,0,0,0,0,0,0,0,0,0,0,0,0,0,0,0,0,0,0,0,0,0,0,0
0,29,29,0,0,0,0,0,0,0,0,0,0,0,0,0,0,0,0,0,0,0,0,0,0,0,0,0,0,0,0,0,0,0,0,0,0
0,30,30,0,0,0,0,0,0,0,0,0,0,0,0,0,0,0,0,0,0,0,0,0,0,0,0,0,0,0,0,0,0,0,0,0,0
0,31,31,0,0,0,0,0,0,0,0,0,0,0,0,0,0,0,0,0,0,0,0,0,0,0,0,0,0,0,0,0,0,0,0,0,0
1,0,短斧,0,1,1,3,1,6,0,0,0,20,0,18,0,0,50,0,0,0,0,0,0,0,0,0,0,0,1,1,1,1,0,0,0,0
1,1,手斧,0,4,1,3,4,9,0,0,0,30,0,20,0,0,70,0,0,0,0,0,0,0,0,0,0,0,1,1,1,1,0,0,0,0
1,2,双刃斧,0,14,1,3,14,24,0,0,0,20,0,26,0,0,90,0,0,0,0,0,0,0,0,0,0,0,0,1,0,1,0,0,0,0
1,3,飞翔斧,0,18,1,3,18,28,0,0,0,30,0,28,0,0,100,0,0,0,0,0,0,0,0,0,0,0,0,1,0,1,0,0,0,0
1,4,精灵之斧,0,26,1,3,26,38,0,0,0,40,0,32,0,0,50,0,70,0,0,0,0,0,0,0,0,0,1,0,1,1,0,0,0,0
1,5,战士之斧,1,30,2,3,36,44,0,0,0,20,0,36,0,0,120,0,0,0,0,0,0,0,0,0,0,0,0,1,1,1,0,0,0,0
1,6,斗士之斧,1,34,2,3,38,50,0,0,0,30,0,44,0,0,130,0,0,0,0,0,0,0,0,0,0,0,0,1,1,1,0,0,0,0
1,7,斗神之斧,1,46,2,3,54,67,0,0,0,25,0,55,0,0,140,0,0,0,0,0,0,0,0,0,0,0,0,1,0,1,0,0,0,0
1,8,末日之斧,1,54,2,3,69,89,0,0,0,30,0,65,0,0,100,0,40,0,0,0,0,0,0,0,0,0,1,1,0,1,0,0,0,0
1,9,41,0,0,0,0,0,0,0,0,0,0,0,0,0,0,0,0,0,0,0,0,0,0,0,0,0,0,0,0,0,0,0,0,0,0
1,10,42,0,0,0,0,0,0,0,0,0,0,0,0,0,0,0,0,0,0,0,0,0,0,0,0,0,0,0,0,0,0,0,0,0,0
1,11,43,0,0,0,0,0,0,0,0,0,0,0,0,0,0,0,0,0,0,0,0,0,0,0,0,0,0,0,0,0,0,0,0,0,0
1,12,44,0,0,0,0,0,0,0,0,0,0,0,0,0,0,0,0,0,0,0,0,0,0,0,0,0,0,0,0,0,0,0,0,0,0
1,13,45,0,0,0,0,0,0,0,0,0,0,0,0,0,0,0,0,0,0,0,0,0,0,0,0,0,0,0,0,0,0,0,0,0,0
1,14,46,0,0,0,0,0,0,0,0,0,0,0,0,0,0,0,0,0,0,0,0,0,0,0,0,0,0,0,0,0,0,0,0,0,0
1,15,47,0,0,0,0,0,0,0,0,0,0,0,0,0,0,0,0,0,0,0,0,0,0,0,0,0,0,0,0,0,0,0,0,0,0
1,16,48,0,0,0,0,0,0,0,0,0,0,0,0,0,0,0,0,0,0,0,0,0,0,0,0,0,0,0,0,0,0,0,0,0,0
1,17,49,0,0,0,0,0,0,0,0,0,0,0,0,0,0,0,0,0,0,0,0,0,0,0,0,0,0,0,0,0,0,0,0,0,0
1,18,50,0,0,0,0,0,0,0,0,0,0,0,0,0,0,0,0,0,0,0,0,0,0,0,0,0,0,0,0,0,0,0,0,0,0
1,19,51,0,0,0,0,0,0,0,0,0,0,0,0,0,0,0,0,0,0,0,0,0,0,0,0,0,0,0,0,0,0,0,0,0,0
1,20,52,0,0,0,0,0,0,0,0,0,0,0,0,0,0,0,0,0,0,0,0,0,0,0,0,0,0,0,0,0,0,0,0,0,0
1,21,53,0,0,0,0,0,0,0,0,0,0,0,0,0,0,0,0,0,0,0,0,0,0,0,0,0,0,0,0,0,0,0,0,0,0
1,22,54,0,0,0,0,0,0,0,0,0,0,0,0,0,0,0,0,0,0,0,0,0,0,0,0,0,0,0,0,0,0,0,0,0,0
1,23,55,0,0,0,0,0,0,0,0,0,0,0,0,0,0,0,0,0,0,0,0,0,0,0,0,0,0,0,0,0,0,0,0,0,0
1,24,56,0,0,0,0,0,0,0,0,0,0,0,0,0,0,0,0,0,0,0,0,0,0,0,0,0,0,0,0,0,0,0,0,0,0
1,25,57,0,0,0,0,0,0,0,0,0,0,0,0,0,0,0,0,0,0,0,0,0,0,0,0,0,0,0,0,0,0,0,0,0,0
1,26,58,0,0,0,0,0,0,0,0,0,0,0,0,0,0,0,0,0,0,0,0,0,0,0,0,0,0,0,0,0,0,0,0,0,0
1,27,59,0,0,0,0,0,0,0,0,0,0,0,0,0,0,0,0,0,0,0,0,0,0,0,0,0,0,0,0,0,0,0,0,0,0
1,28,60,0,0,0,0,0,0,0,0,0,0,0,0,0,0,0,0,0,0,0,0,0,0,0,0,0,0,0,0,0,0,0,0,0,0
1,29,61,0,0,0,0,0,0,0,0,0,0,0,0,0,0,0,0,0,0,0,0,0,0,0,0,0,0,0,0,0,0,0,0,0,0
1,30,62,0,0,0,0,0,0,0,0,0,0,0,0,0,0,0,0,0,0,0,0,0,0,0,0,0,0,0,0,0,0,0,0,0,0
1,31,63,0,0,0,0,0,0,0,0,0,0,0,0,0,0,0,0,0,0,0,0,0,0,0,0,0,0,0,0,0,0,0,0,0,0
2,0,石槌,0,7,1,3,7,13,0,0,0,15,0,21,0,0,100,0,0,0,0,0,0,0,0,0,0,0,0,1,0,1,0,0,0,0
2,1,流星槌,0,13,1,3,13,22,0,0,0,15,0,25,0,0,100,0,0,0,0,0,0,0,0,0,0,0,0,1,0,1,0,0,0,0
2,2,破坏之槌,0,22,1,3,22,32,0,0,0,15,0,32,0,0,80,0,50,0,0,0,0,0,0,0,0,0,0,1,0,1,0,0,0,0
2,3,白金之槌,1,38,2,3,45,56,0,0,0,15,0,50,0,0,150,0,0,0,0,0,0,0,0,0,0,0,0,1,0,1,0,0,0,0
2,4,水晶流星,1,66,2,3,78,107,0,0,0,30,0,72,0,0,130,0,0,0,0,0,0,0,0,0,0,0,1,1,1,1,0,0,0,0
2,5,玄冰剑,1,72,2,4,84,115,0,0,0,40,0,76,0,0,130,0,70,0,0,0,0,0,0,0,0,0,1,1,1,1,0,0,0,0
2,6,玛雅龙斧,1,75,2,4,102,130,0,0,0,35,0,80,0,0,140,0,50,0,0,0,0,0,0,0,0,0,0,1,0,1,0,0,0,0
2,7,71,0,0,0,0,0,0,0,0,0,0,0,0,0,0,0,0,0,0,0,0,0,0,0,0,0,0,0,0,0,0,0,0,0,0
2,8,72,0,0,0,0,0,0,0,0,0,0,0,0,0,0,0,0,0,0,0,0,0,0,0,0,0,0,0,0,0,0,0,0,0,0
2,9,73,0,0,0,0,0,0,0,0,0,0,0,0,0,0,0,0,0,0,0,0,0,0,0,0,0,0,0,0,0,0,0,0,0,0
2,10,74,0,0,0,0,0,0,0,0,0,0,0,0,0,0,0,0,0,0,0,0,0,0,0,0,0,0,0,0,0,0,0,0,0,0
2,11,75,0,0,0,0,0,0,0,0,0,0,0,0,0,0,0,0,0,0,0,0,0,0,0,0,0,0,0,0,0,0,0,0,0,0
2,12,76,0,0,0,0,0,0,0,0,0,0,0,0,0,0,0,0,0,0,0,0,0,0,0,0,0,0,0,0,0,0,0,0,0,0
2,13,77,0,0,0,0,0,0,0,0,0,0,0,0,0,0,0,0,0,0,0,0,0,0,0,0,0,0,0,0,0,0,0,0,0,0
2,14,78,0,0,0,0,0,0,0,0,0,0,0,0,0,0,0,0,0,0,0,0,0,0,0,0,0,0,0,0,0,0,0,0,0,0
2,15,79,0,0,0,0,0,0,0,0,0,0,0,0,0,0,0,0,0,0,0,0,0,0,0,0,0,0,0,0,0,0,0,0,0,0
2,16,80,0,0,0,0,0,0,0,0,0,0,0,0,0,0,0,0,0,0,0,0,0,0,0,0,0,0,0,0,0,0,0,0,0,0
2,17,81,0,0,0,0,0,0,0,0,0,0,0,0,0,0,0,0,0,0,0,0,0,0,0,0,0,0,0,0,0,0,0,0,0,0
2,18,82,0,0,0,0,0,0,0,0,0,0,0,0,0,0,0,0,0,0,0,0,0,0,0,0,0,0,0,0,0,0,0,0,0,0
2,19,83,0,0,0,0,0,0,0,0,0,0,0,0,0,0,0,0,0,0,0,0,0,0,0,0,0,0,0,0,0,0,0,0,0,0
2,20,84,0,0,0,0,0,0,0,0,0,0,0,0,0,0,0,0,0,0,0,0,0,0,0,0,0,0,0,0,0,0,0,0,0,0
2,21,85,0,0,0,0,0,0,0,0,0,0,0,0,0,0,0,0,0,0,0,0,0,0,0,0,0,0,0,0,0,0,0,0,0,0
2,22,86,0,0,0,0,0,0,0,0,0,0,0,0,0,0,0,0,0,0,0,0,0,0,0,0,0,0,0,0,0,0,0,0,0,0
2,23,87,0,0,0,0,0,0,0,0,0,0,0,0,0,0,0,0,0,0,0,0,0,0,0,0,0,0,0,0,0,0,0,0,0,0
2,24,88,0,0,0,0,0,0,0,0,0,0,0,0,0,0,0,0,0,0,0,0,0,0,0,0,0,0,0,0,0,0,0,0,0,0
2,25,89,0,0,0,0,0,0,0,0,0,0,0,0,0,0,0,0,0,0,0,0,0,0,0,0,0,0,0,0,0,0,0,0,0,0
2,26,90,0,0,0,0,0,0,0,0,0,0,0,0,0,0,0,0,0,0,0,0,0,0,0,0,0,0,0,0,0,0,0,0,0,0
2,27,91,0,0,0,0,0,0,0,0,0,0,0,0,0,0,0,0,0,0,0,0,0,0,0,0,0,0,0,0,0,0,0,0,0,0
2,28,92,0,0,0,0,0,0,0,0,0,0,0,0,0,0,0,0,0,0,0,0,0,0,0,0,0,0,0,0,0,0,0,0,0,0
2,29,93,0,0,0,0,0,0,0,0,0,0,0,0,0,0,0,0,0,0,0,0,0,0,0,0,0,0,0,0,0,0,0,0,0,0
2,30,94,0,0,0,0,0,0,0,0,0,0,0,0,0,0,0,0,0,0,0,0,0,0,0,0,0,0,0,0,0,0,0,0,0,0
2,31,95,0,0,0,0,0,0,0,0,0,0,0,0,0,0,0,0,0,0,0,0,0,0,0,0,0,0,0,0,0,0,0,0,0,0
3,0,黑武士,1,42,2,4,50,63,0,0,0,25,0,56,0,0,60,0,70,0,0,0,0,0,0,0,0,0,0,1,1,1,0,0,0,0
3,1,鹤嘴矛,1,23,2,4,30,41,0,0,0,30,0,42,0,0,70,0,50,0,0,0,0,0,0,0,0,0,0,1,1,1,0,0,0,0
3,2,战矛,1,15,2,4,21,33,0,0,0,30,0,34,0,0,70,0,50,0,0,0,0,0,0,0,0,0,0,1,1,1,0,0,0,0
3,3,双鹤矛,1,29,2,4,35,43,0,0,0,25,0,44,0,0,90,0,30,0,0,0,0,0,0,0,0,0,0,1,1,1,0,0,0,0
3,4,巨蛇镰刀,1,46,2,4,58,80,0,0,0,20,0,58,0,0,90,0,30,0,0,0,0,0,0,0,0,0,0,1,1,1,0,0,0,0
3,5,双刃矛,1,13,2,4,19,31,0,0,0,30,0,38,0,0,70,0,50,0,0,0,0,0,0,0,0,0,0,1,1,1,0,0,0,0
3,6,斧刃矛,1,19,2,4,25,35,0,0,0,30,0,40,0,0,70,0,50,0,0,0,0,0,0,0,0,0,0,1,1,1,0,0,0,0
3,7,巴迪之矛,1,37,2,4,42,54,0,0,0,30,0,54,0,0,80,0,50,0,0,0,0,0,0,0,0,0,0,1,1,1,0,0,0,0
3,8,帝王镰刀,1,54,2,4,71,92,0,0,0,25,0,68,0,0,90,0,50,0,0,0,0,0,0,0,0,0,0,1,1,1,0,0,0,0
3,9,死神镰刀,1,63,2,4,76,102,0,0,0,25,0,74,0,0,80,0,50,0,0,0,0,0,0,0,0,0,0,1,1,1,0,0,0,0
3,10,106,0,0,0,0,0,0,0,0,0,0,0,0,0,0,0,0,0,0,0,0,0,0,0,0,0,0,0,0,0,0,0,0,0,0
3,11,107,0,0,0,0,0,0,0,0,0,0,0,0,0,0,0,0,0,0,0,0,0,0,0,0,0,0,0,0,0,0,0,0,0,0
3,12,108,0,0,0,0,0,0,0,0,0,0,0,0,0,0,0,0,0,0,0,0,0,0,0,0,0,0,0,0,0,0,0,0,0,0
3,13,109,0,0,0,0,0,0,0,0,0,0,0,0,0,0,0,0,0,0,0,0,0,0,0,0,0,0,0,0,0,0,0,0,0,0
3,14,110,0,0,0,0,0,0,0,0,0,0,0,0,0,0,0,0,0,0,0,0,0,0,0,0,0,0,0,0,0,0,0,0,0,0
3,15,111,0,0,0,0,0,0,0,0,0,0,0,0,0,0,0,0,0,0,0,0,0,0,0,0,0,0,0,0,0,0,0,0,0,0
3,16,112,0,0,0,0,0,0,0,0,0,0,0,0,0,0,0,0,0,0,0,0,0,0,0,0,0,0,0,0,0,0,0,0,0,0
3,17,113,0,0,0,0,0,0,0,0,0,0,0,0,0,0,0,0,0,0,0,0,0,0,0,0,0,0,0,0,0,0,0,0,0,0
3,18,114,0,0,0,0,0,0,0,0,0,0,0,0,0,0,0,0,0,0,0,0,0,0,0,0,0,0,0,0,0,0,0,0,0,0
3,19,115,0,0,0,0,0,0,0,0,0,0,0,0,0,0,0,0,0,0,0,0,0,0,0,0,0,0,0,0,0,0,0,0,0,0
3,20,116,0,0,0,0,0,0,0,0,0,0,0,0,0,0,0,0,0,0,0,0,0,0,0,0,0,0,0,0,0,0,0,0,0,0
3,21,117,0,0,0,0,0,0,0,0,0,0,0,0,0,0,0,0,0,0,0,0,0,0,0,0,0,0,0,0,0,0,0,0,0,0
3,22,118,0,0,0,0,0,0,0,0,0,0,0,0,0,0,0,0,0,0,0,0,0,0,0,0,0,0,0,0,0,0,0,0,0,0
3,23,119,0,0,0,0,0,0,0,0,0,0,0,0,0,0,0,0,0,0,0,0,0,0,0,0,0,0,0,0,0,0,0,0,0,0
3,24,120,0,0,0,0,0,0,0,0,0,0,0,0,0,0,0,0,0,0,0,0,0,0,0,0,0,0,0,0,0,0,0,0,0,0
3,25,121,0,0,0,0,0,0,0,0,0,0,0,0,0,0,0,0,0,0,0,0,0,0,0,0,0,0,0,0,0,0,0,0,0,0
3,26,122,0,0,0,0,0,0,0,0,0,0,0,0,0,0,0,0,0,0,0,0,0,0,0,0,0,0,0,0,0,0,0,0,0,0
3,27,123,0,0,0,0,0,0,0,0,0,0,0,0,0,0,0,0,0,0,0,0,0,0,0,0,0,0,0,0,0,0,0,0,0,0
3,28,124,0,0,0,0,0,0,0,0,0,0,0,0,0,0,0,0,0,0,0,0,0,0,0,0,0,0,0,0,0,0,0,0,0,0
3,29,125,0,0,0,0,0,0,0,0,0,0,0,0,0,0,0,0,0,0,0,0,0,0,0,0,0,0,0,0,0,0,0,0,0,0
3,30,126,0,0,0,0,0,0,0,0,0,0,0,0,0,0,0,0,0,0,0,0,0,0,0,0,0,0,0,0,0,0,0,0,0,0
3,31,127,0,0,0,0,0,0,0,0,0,0,0,0,0,0,0,0,0,0,0,0,0,0,0,0,0,0,0,0,0,0,0,0,0,0
4,0,短弓,1,2,2,3,3,5,0,0,0,30,0,20,0,0,20,0,80,0,0,0,0,0,0,0,0,0,0,0,1,0,0,0,0,0
4,1,长弓,1,8,2,3,9,15,0,0,0,30,0,24,0,0,30,0,90,0,0,0,0,0,0,0,0,0,0,0,1,0,0,0,0,0
4,2,精灵之弓,1,16,2,3,17,24,0,0,0,30,0,28,0,0,30,0,90,0,0,0,0,0,0,0,0,0,0,0,1,0,0,0,0,0
4,3,巴特之弓,1,26,2,3,28,37,0,0,0,30,0,36,0,0,30,0,90,0,0,0,0,0,0,0,0,0,0,0,1,0,0,0,0,0
4,4,黄金之虎,1,40,2,4,42,52,0,0,0,30,0,43,0,0,30,0,100,0,0,0,0,0,0,0,0,0,0,0,1,0,0,0,0,0
4,5,银翼之弓,1,56,2,4,58,72,0,0,0,40,0,48,0,0,30,0,100,0,0,0,0,0,0,0,0,0,0,0,1,0,0,0,0,0
4,6,玛雅神弓,1,75,2,4,77,102,0,0,0,35,0,68,0,0,40,0,150,0,0,0,0,0,0,0,0,0,0,0,1,0,0,0,0,0
4,7,弩箭,0,0,1,1,0,0,0,0,0,0,0,255,0,0,0,0,0,0,0,0,0,0,0,0,0,0,0,0,1,0,0,0,0,0
4,8,石弩,1,4,2,2,5,8,0,0,0,40,0,22,0,0,20,0,90,0,0,0,0,0,0,0,0,0,0,0,1,0,0,0,0,0
4,9,黄金石弩,1,12,2,2,13,19,0,0,0,40,0,26,0,0,30,0,90,0,0,0,0,0,0,0,0,0,0,0,1,0,0,0,0,0
4,10,火神弩,1,20,2,2,22,30,0,0,0,40,0,31,0,0,30,0,90,0,0,0,0,0,0,0,0,0,0,0,1,0,0,0,0,0
4,11,巨人弩,1,32,2,3,35,44,0,0,0,40,0,40,0,0,30,0,90,0,0,0,0,0,0,0,0,0,0,0,1,0,0,0,0,0
4,12,诱惑之弩,1,48,2,3,50,66,0,0,0,40,0,45,0,0,30,0,100,0,0,0,0,0,0,0,0,0,0,0,1,0,0,0,0,0
4,13,蓝翎弩,1,68,2,3,70,82,0,0,0,40,0,56,0,0,40,0,110,0,0,0,0,0,0,0,0,0,0,0,1,0,0,0,0,0
4,14,温蒂妮,1,72,2,3,74,98,0,0,0,30,0,60,0,0,50,0,130,0,0,0,0,0,0,0,0,0,0,0,1,0,0,0,0,0
4,15,弓箭,0,0,1,1,0,0,0,0,0,0,0,255,0,0,0,0,0,0,0,0,0,0,0,0,0,0,0,0,1,0,0,0,0,0
4,16,圣者之弩,1,84,2,4,86,108,0,0,0,35,0,72,0,0,50,0,160,0,0,0,0,0,0,0,0,0,0,0,1,0,0,0,0,0
4,17,圣灵之弓,1,96,2,4,105,127,0,0,0,35,0,76,0,0,53,0,192,0,0,0,0,0,0,0,0,0,0,0,2,0,0,0,0,0
4,18,大天使之弩,1,100,2,3,120,140,0,0,0,35,0,100,0,0,40,0,110,0,0,0,0,0,0,0,0,0,0,0,1,0,0,0,0,0
4,19,147,0,0,0,0,0,0,0,0,0,0,0,0,0,0,0,0,0,0,0,0,0,0,0,0,0,0,0,0,0,0,0,0,0,0
4,20,148,0,0,0,0,0,0,0,0,0,0,0,0,0,0,0,0,0,0,0,0,0,0,0,0,0,0,0,0,0,0,0,0,0,0
4,21,149,0,0,0,0,0,0,0,0,0,0,0,0,0,0,0,0,0,0,0,0,0,0,0,0,0,0,0,0,0,0,0,0,0,0
4,22,150,0,0,0,0,0,0,0,0,0,0,0,0,0,0,0,0,0,0,0,0,0,0,0,0,0,0,0,0,0,0,0,0,0,0
4,23,151,0,0,0,0,0,0,0,0,0,0,0,0,0,0,0,0,0,0,0,0,0,0,0,0,0,0,0,0,0,0,0,0,0,0
4,24,152,0,0,0,0,0,0,0,0,0,0,0,0,0,0,0,0,0,0,0,0,0,0,0,0,0,0,0,0,0,0,0,0,0,0
4,25,153,0,0,0,0,0,0,0,0,0,0,0,0,0,0,0,0,0,0,0,0,0,0,0,0,0,0,0,0,0,0,0,0,0,0
4,26,154,0,0,0,0,0,0,0,0,0,0,0,0,0,0,0,0,0,0,0,0,0,0,0,0,0,0,0,0,0,0,0,0,0,0
4,27,155,0,0,0,0,0,0,0,0,0,0,0,0,0,0,0,0,0,0,0,0,0,0,0,0,0,0,0,0,0,0,0,0,0,0
4,28,156,0,0,0,0,0,0,0,0,0,0,0,0,0,0,0,0,0,0,0,0,0,0,0,0,0,0,0,0,0,0,0,0,0,0
4,29,157,0,0,0,0,0,0,0,0,0,0,0,0,0,0,0,0,0,0,0,0,0,0,0,0,0,0,0,0,0,0,0,0,0,0
4,30,158,0,0,0,0,0,0,0,0,0,0,0,0,0,0,0,0,0,0,0,0,0,0,0,0,0,0,0,0,0,0,0,0,0,0
4,31,159,0,0,0,0,0,0,0,0,0,0,0,0,0,0,0,0,0,0,0,0,0,0,0,0,0,0,0,0,0,0,0,0,0,0
5,0,骷髅杖,0,6,1,3,6,8,0,0,0,20,0,0,20,0,40,0,0,0,0,0,0,0,0,0,0,0,1,0,0,1,0,0,0,0
5,1,天使杖,1,18,2,3,20,24,0,0,0,25,0,0,38,0,50,0,0,0,0,0,0,0,0,0,0,0,1,0,0,1,0,0,0,0
5,2,毒蛇杖,1,30,2,3,34,36,0,0,0,25,0,0,50,0,50,0,0,0,0,0,0,0,0,0,0,0,1,0,0,1,0,0,0,0
5,3,闪电杖,1,42,2,4,46,50,0,0,0,25,0,0,60,0,40,0,10,0,0,0,0,0,0,0,0,0,1,0,0,1,0,0,0,0
5,4,戈登之杖,1,52,2,4,58,64,0,0,0,25,0,0,65,0,50,0,0,0,0,0,0,0,0,0,0,0,1,0,0,1,0,0,0,0
5,5,传说之杖,0,59,1,4,59,62,0,0,0,20,0,0,66,0,50,0,0,0,0,0,0,0,0,0,0,0,1,0,0,1,0,0,0,0
5,6,复活之杖,0,70,1,4,70,78,0,0,0,20,0,0,70,0,60,0,10,0,0,0,0,0,0,0,0,0,1,0,0,1,0,0,0,0
5,7,玛雅雷杖,1,75,2,4,94,97,0,0,0,30,0,0,70,0,60,0,10,0,0,0,0,0,0,0,0,0,1,0,0,1,0,0,0,0
5,8,毁灭之杖,1,90,2,4,101,109,0,0,0,30,0,0,85,0,60,0,10,0,0,0,0,0,0,0,0,0,1,0,0,1,0,0,0,0
5,9,麒麟之杖,0,100,1,4,92,96,0,0,0,30,0,0,91,0,52,0,16,0,0,0,0,0,0,0,0,0,2,0,0,0,0,0,0,0
5,10,大天使之杖,0,104,1,4,114,120,0,0,0,20,0,0,91,0,36,0,4,0,0,0,0,0,0,0,0,0,1,0,0,1,0,0,0,0
5,11,171,0,0,0,0,0,0,0,0,0,0,0,0,0,0,0,0,0,0,0,0,0,0,0,0,0,0,0,0,0,0,0,0,0,0
5,12,172,0,0,0,0,0,0,0,0,0,0,0,0,0,0,0,0,0,0,0,0,0,0,0,0,0,0,0,0,0,0,0,0,0,0
5,13,173,0,0,0,0,0,0,0,0,0,0,0,0,0,0,0,0,0,0,0,0,0,0,0,0,0,0,0,0,0,0,0,0,0,0
5,14,174,0,0,0,0,0,0,0,0,0,0,0,0,0,0,0,0,0,0,0,0,0,0,0,0,0,0,0,0,0,0,0,0,0,0
5,15,175,0,0,0,0,0,0,0,0,0,0,0,0,0,0,0,0,0,0,0,0,0,0,0,0,0,0,0,0,0,0,0,0,0,0
5,16,176,0,0,0,0,0,0,0,0,0,0,0,0,0,0,0,0,0,0,0,0,0,0,0,0,0,0,0,0,0,0,0,0,0,0
5,17,177,0,0,0,0,0,0,0,0,0,0,0,0,0,0,0,0,0,0,0,0,0,0,0,0,0,0,0,0,0,0,0,0,0,0
5,18,178,0,0,0,0,0,0,0,0,0,0,0,0,0,0,0,0,0,0,0,0,0,0,0,0,0,0,0,0,0,0,0,0,0,0
5,19,179,0,0,0,0,0,0,0,0,0,0,0,0,0,0,0,0,0,0,0,0,0,0,0,0,0,0,0,0,0,0,0,0,0,0
5,20,180,0,0,0,0,0,0,0,0,0,0,0,0,0,0,0,0,0,0,0,0,0,0,0,0,0,0,0,0,0,0,0,0,0,0
5,21,181,0,0,0,0,0,0,0,0,0,0,0,0,0,0,0,0,0,0,0,0,0,0,0,0,0,0,0,0,0,0,0,0,0,0
5,22,182,0,0,0,0,0,0,0,0,0,0,0,0,0,0,0,0,0,0,0,0,0,0,0,0,0,0,0,0,0,0,0,0,0,0
5,23,183,0,0,0,0,0,0,0,0,0,0,0,0,0,0,0,0,0,0,0,0,0,0,0,0,0,0,0,0,0,0,0,0,0,0
5,24,184,0,0,0,0,0,0,0,0,0,0,0,0,0,0,0,0,0,0,0,0,0,0,0,0,0,0,0,0,0,0,0,0,0,0
5,25,185,0,0,0,0,0,0,0,0,0,0,0,0,0,0,0,0,0,0,0,0,0,0,0,0,0,0,0,0,0,0,0,0,0,0
5,26,186,0,0,0,0,0,0,0,0,0,0,0,0,0,0,0,0,0,0,0,0,0,0,0,0,0,0,0,0,0,0,0,0,0,0
5,27,187,0,0,0,0,0,0,0,0,0,0,0,0,0,0,0,0,0,0,0,0,0,0,0,0,0,0,0,0,0,0,0,0,0,0
5,28,188,0,0,0,0,0,0,0,0,0,0,0,0,0,0,0,0,0,0,0,0,0,0,0,0,0,0,0,0,0,0,0,0,0,0
5,29,189,0,0,0,0,0,0,0,0,0,0,0,0,0,0,0,0,0,0,0,0,0,0,0,0,0,0,0,0,0,0,0,0,0,0
5,30,190,0,0,0,0,0,0,0,0,0,0,0,0,0,0,0,0,0,0,0,0,0,0,0,0,0,0,0,0,0,0,0,0,0,0
5,31,191,0,0,0,0,0,0,0,0,0,0,0,0,0,0,0,0,0,0,0,0,0,0,0,0,0,0,0,0,0,0,0,0,0,0
6,0,圆盾,0,3,2,2,0,0,3,1,0,0,0,22,0,0,70,0,0,0,0,0,0,0,0,0,0,0,1,1,1,1,0,0,0,0
6,1,战士之盾,0,9,2,2,0,0,9,3,0,0,0,28,0,0,100,0,0,0,0,0,0,0,0,0,0,0,0,1,0,1,0,0,0,0
6,2,风之盾,0,12,2,2,0,0,12,4,0,0,0,32,0,0,110,0,0,0,0,0,0,0,0,0,0,0,0,1,0,1,0,0,0,0
6,3,魔法之盾,0,21,2,2,0,0,21,8,0,0,0,36,0,0,30,0,100,0,0,0,0,0,0,0,0,0,0,0,1,0,0,0,0,0
6,4,钢铁之盾,0,6,2,2,0,0,6,2,0,0,0,24,0,0,80,0,0,0,0,0,0,0,0,0,0,0,1,1,1,1,0,0,0,0
6,5,龙之盾,0,35,2,2,0,0,35,10,0,0,0,44,0,0,100,0,40,0,0,0,0,0,0,0,0,0,0,1,0,1,0,0,0,0
6,6,骷髅之盾,0,15,2,2,0,0,15,5,0,0,0,34,0,0,110,0,0,0,0,0,0,0,0,0,0,0,1,1,1,1,0,0,0,0
6,7,尖刺之盾,0,30,2,2,0,0,30,9,0,0,0,40,0,0,130,0,0,0,0,0,0,0,0,0,0,0,0,1,0,1,0,0,0,0
6,8,失落之盾,0,40,2,2,0,0,40,11,0,0,0,46,0,0,130,0,0,0,0,0,0,0,0,0,0,0,0,1,1,1,0,0,0,0
6,9,远古之盾,0,25,2,2,0,0,25,8,0,0,0,38,0,0,120,0,0,0,0,0,0,0,0,0,0,0,0,1,0,1,0,0,0,0
6,10,自由之盾,0,18,2,2,0,0,18,6,0,0,0,35,0,0,120,0,0,0,0,0,0,0,0,0,0,0,0,1,0,1,0,0,0,0
6,11,毒蛇之盾,0,45,2,2,0,0,45,12,0,0,0,48,0,0,130,0,0,0,0,0,0,0,0,0,0,0,0,1,1,1,0,0,0,0
6,12,布朗司,0,54,2,2,0,0,54,13,0,0,0,52,0,0,140,0,0,0,0,0,0,0,0,0,0,0,0,1,0,1,0,0,0,0
6,13,火龙之盾,0,60,2,2,0,0,60,14,0,0,0,60,0,0,120,0,40,0,0,0,0,0,0,0,0,0,0,1,0,1,0,0,0,0
6,14,传说之盾,0,48,2,3,0,0,48,7,0,0,0,50,0,0,80,0,25,0,0,0,0,0,0,0,0,0,1,0,1,1,0,0,0,0
6,15,207,0,0,0,0,0,0,0,0,0,0,0,0,0,0,0,0,0,0,0,0,0,0,0,0,0,0,0,0,0,0,0,0,0,0
6,16,208,0,0,0,0,0,0,0,0,0,0,0,0,0,0,0,0,0,0,0,0,0,0,0,0,0,0,0,0,0,0,0,0,0,0
6,17,209,0,0,0,0,0,0,0,0,0,0,0,0,0,0,0,0,0,0,0,0,0,0,0,0,0,0,0,0,0,0,0,0,0,0
6,18,210,0,0,0,0,0,0,0,0,0,0,0,0,0,0,0,0,0,0,0,0,0,0,0,0,0,0,0,0,0,0,0,0,0,0
6,19,211,0,0,0,0,0,0,0,0,0,0,0,0,0,0,0,0,0,0,0,0,0,0,0,0,0,0,0,0,0,0,0,0,0,0
6,20,212,0,0,0,0,0,0,0,0,0,0,0,0,0,0,0,0,0,0,0,0,0,0,0,0,0,0,0,0,0,0,0,0,0,0
6,21,213,0,0,0,0,0,0,0,0,0,0,0,0,0,0,0,0,0,0,0,0,0,0,0,0,0,0,0,0,0,0,0,0,0,0
6,22,214,0,0,0,0,0,0,0,0,0,0,0,0,0,0,0,0,0,0,0,0,0,0,0,0,0,0,0,0,0,0,0,0,0,0
6,23,215,0,0,0,0,0,0,0,0,0,0,0,0,0,0,0,0,0,0,0,0,0,0,0,0,0,0,0,0,0,0,0,0,0,0
6,24,216,0,0,0,0,0,0,0,0,0,0,0,0,0,0,0,0,0,0,0,0,0,0,0,0,0,0,0,0,0,0,0,0,0,0
6,25,217,0,0,0,0,0,0,0,0,0,0,0,0,0,0,0,0,0,0,0,0,0,0,0,0,0,0,0,0,0,0,0,0,0,0
6,26,218,0,0,0,0,0,0,0,0,0,0,0,0,0,0,0,0,0,0,0,0,0,0,0,0,0,0,0,0,0,0,0,0,0,0
6,27,219,0,0,0,0,0,0,0,0,0,0,0,0,0,0,0,0,0,0,0,0,0,0,0,0,0,0,0,0,0,0,0,0,0,0
6,28,220,0,0,0,0,0,0,0,0,0,0,0,0,0,0,0,0,0,0,0,0,0,0,0,0,0,0,0,0,0,0,0,0,0,0
6,29,221,0,0,0,0,0,0,0,0,0,0,0,0,0,0,0,0,0,0,0,0,0,0,0,0,0,0,0,0,0,0,0,0,0,0
6,30,222,0,0,0,0,0,0,0,0,0,0,0,0,0,0,0,0,0,0,0,0,0,0,0,0,0,0,0,0,0,0,0,0,0,0
6,31,223,0,0,0,0,0,0,0,0,0,0,0,0,0,0,0,0,0,0,0,0,0,0,0,0,0,0,0,0,0,0,0,0,0,0
7,0,神武之盔,0,16,2,2,0,0,0,9,0,0,0,34,0,0,80,0,20,0,0,0,0,0,0,0,0,0,0,1,0,0,0,0,0,0
7,1,龙王之盔,0,57,2,2,0,0,0,24,0,0,0,68,0,0,120,0,30,0,0,0,0,0,0,0,0,0,0,1,0,0,0,0,0,0
7,2,幻影之盔,0,5,2,2,0,0,0,4,0,0,0,28,0,0,20,0,0,0,0,0,0,0,0,0,0,0,1,0,0,0,0,0,0,0
7,3,传说之盔,0,50,2,2,0,0,0,18,0,0,0,42,0,0,30,0,0,0,0,0,0,0,0,0,0,0,1,0,0,0,0,0,0,0
7,4,吞噬头盔,0,18,2,2,0,0,0,9,0,0,0,30,0,0,30,0,0,0,0,0,0,0,0,0,0,0,1,0,0,0,0,0,0,0
7,5,地狱之盔,0,6,2,2,0,0,0,5,0,0,0,30,0,0,80,0,0,0,0,0,0,0,0,0,0,0,0,1,0,0,0,0,0,0
7,6,暗黑斗神盔,0,26,2,2,0,0,0,12,0,0,0,40,0,0,110,0,0,0,0,0,0,0,0,0,0,0,0,1,0,0,0,0,0,0
7,7,魔王之盔,0,32,2,2,0,0,0,13,0,0,0,36,0,0,30,0,0,0,0,0,0,0,0,0,0,0,1,0,0,0,0,0,0,0
7,8,勇气之盔,0,36,2,2,0,0,0,17,0,0,0,44,0,0,100,0,30,0,0,0,0,0,0,0,0,0,0,1,0,0,0,0,0,0
7,9,泰坦之盔,0,46,2,2,0,0,0,20,0,0,0,50,0,0,130,0,0,0,0,0,0,0,0,0,0,0,0,1,0,0,0,0,0,0
7,10,炽天使之盔,0,6,2,2,0,0,0,4,0,0,0,22,0,0,30,0,60,0,0,0,0,0,0,0,0,0,0,0,1,0,0,0,0,0
7,11,紫灵之盔,0,16,2,2,0,0,0,8,0,0,0,26,0,0,30,0,70,0,0,0,0,0,0,0,0,0,0,0,1,0,0,0,0,0
7,12,圣女之盔,0,28,2,2,0,0,0,12,0,0,0,32,0,0,30,0,80,0,0,0,0,0,0,0,0,0,0,0,1,0,0,0,0,0
7,13,鸢尾之盔,0,40,2,2,0,0,0,16,0,0,0,38,0,0,40,0,80,0,0,0,0,0,0,0,0,0,0,0,1,0,0,0,0,0
7,14,女神之盔,0,53,2,2,0,0,0,23,0,0,0,45,0,0,40,0,80,0,0,0,0,0,0,0,0,0,0,0,1,0,0,0,0,0
7,15,天魔斗神之盔,0,0,0,0,0,0,0,0,0,0,0,0,0,0,0,0,0,0,0,0,0,0,0,0,0,0,0,0,0,0,0,0,0,0
7,16,灰鸦之盔,0,82,2,2,0,0,0,30,0,0,0,74,0,0,170,0,60,0,0,0,0,0,0,0,0,0,0,1,0,0,0,0,0,0
7,17,黑凤凰之盔,0,92,2,2,0,0,0,39,0,0,0,80,0,0,205,0,62,0,0,0,0,0,0,0,0,0,0,2,0,0,0,0,0,0
7,18,法魂玄灵之盔,0,81,2,2,0,0,0,27,0,0,0,67,0,0,59,0,20,0,0,0,0,0,0,0,0,0,2,0,0,0,0,0,0,0
7,19,圣灵之盔,0,85,2,2,0,0,0,30,0,0,0,74,0,0,50,0,110,0,0,0,0,0,0,0,0,0,0,0,2,0,0,0,0,0
7,20,244,0,0,0,0,0,0,0,0,0,0,0,0,0,0,0,0,0,0,0,0,0,0,0,0,0,0,0,0,0,0,0,0,0,0
7,21,245,0,0,0,0,0,0,0,0,0,0,0,0,0,0,0,0,0,0,0,0,0,0,0,0,0,0,0,0,0,0,0,0,0,0
7,22,246,0,0,0,0,0,0,0,0,0,0,0,0,0,0,0,0,0,0,0,0,0,0,0,0,0,0,0,0,0,0,0,0,0,0
7,23,247,0,0,0,0,0,0,0,0,0,0,0,0,0,0,0,0,0,0,0,0,0,0,0,0,0,0,0,0,0,0,0,0,0,0
7,24,248,0,0,0,0,0,0,0,0,0,0,0,0,0,0,0,0,0,0,0,0,0,0,0,0,0,0,0,0,0,0,0,0,0,0
7,25,249,0,0,0,0,0,0,0,0,0,0,0,0,0,0,0,0,0,0,0,0,0,0,0,0,0,0,0,0,0,0,0,0,0,0
7,26,250,0,0,0,0,0,0,0,0,0,0,0,0,0,0,0,0,0,0,0,0,0,0,0,0,0,0,0,0,0,0,0,0,0,0
7,27,251,0,0,0,0,0,0,0,0,0,0,0,0,0,0,0,0,0,0,0,0,0,0,0,0,0,0,0,0,0,0,0,0,0,0
7,28,252,0,0,0,0,0,0,0,0,0,0,0,0,0,0,0,0,0,0,0,0,0,0,0,0,0,0,0,0,0,0,0,0,0,0
7,29,253,0,0,0,0,0,0,0,0,0,0,0,0,0,0,0,0,0,0,0,0,0,0,0,0,0,0,0,0,0,0,0,0,0,0
7,30,254,0,0,0,0,0,0,0,0,0,0,0,0,0,0,0,0,0,0,0,0,0,0,0,0,0,0,0,0,0,0,0,0,0,0
7,31,255,0,0,0,0,0,0,0,0,0,0,0,0,0,0,0,0,0,0,0,0,0,0,0,0,0,0,0,0,0,0,0,0,0,0
8,0,神武之铠,0,18,2,2,0,0,0,14,0,0,0,34,0,0,80,0,20,0,0,0,0,0,0,0,0,0,0,1,0,1,0,0,0,0
8,1,龙王之铠,0,59,2,3,0,0,0,37,0,0,0,68,0,0,120,0,30,0,0,0,0,0,0,0,0,0,0,1,0,1,0,0,0,0
8,2,幻影之铠,0,131,2,2,0,0,0,80,0,0,0,28,0,853,244,0,0,0,0,0,0,0,0,0,0,0,1,0,0,1,0,0,0,0
8,3,传说之铠,0,56,2,2,0,0,0,22,0,0,0,42,0,0,40,0,0,0,0,0,0,0,0,0,0,0,1,0,0,1,0,0,0,0
8,4,吞噬之铠,0,22,2,2,0,0,0,13,0,0,0,30,0,0,40,0,0,0,0,0,0,0,0,0,0,0,1,0,0,1,0,0,0,0
8,5,地狱之铠,0,10,2,3,0,0,0,10,0,0,0,30,0,0,80,0,0,0,0,0,0,0,0,0,0,0,0,1,0,1,0,0,0,0
8,6,暗黑斗神铠,0,28,2,2,0,0,0,18,0,0,0,40,0,0,110,0,0,0,0,0,0,0,0,0,0,0,0,1,0,1,0,0,0,0
8,7,魔王之铠,0,38,2,3,0,0,0,17,0,0,0,36,0,0,40,0,0,0,0,0,0,0,0,0,0,0,1,0,0,1,0,0,0,0
8,8,勇气之铠,0,38,2,2,0,0,0,22,0,0,0,44,0,0,100,0,30,0,0,0,0,0,0,0,0,0,0,1,0,1,0,0,0,0
8,9,泰坦之铠,0,48,2,2,0,0,0,30,0,0,0,50,0,0,130,0,0,0,0,0,0,0,0,0,0,0,0,1,0,1,0,0,0,0
8,10,炽天使之铠,0,10,2,2,0,0,0,8,0,0,0,22,0,0,30,0,60,0,0,0,0,0,0,0,0,0,0,0,1,0,0,0,0,0
8,11,紫灵之铠,0,20,2,2,0,0,0,12,0,0,0,26,0,0,30,0,70,0,0,0,0,0,0,0,0,0,0,0,1,0,0,0,0,0
8,12,圣女之铠,0,32,2,2,0,0,0,16,0,0,0,32,0,0,30,0,80,0,0,0,0,0,0,0,0,0,0,0,1,0,0,0,0,0
8,13,鸢尾之铠,0,44,2,2,0,0,0,21,0,0,0,38,0,0,40,0,80,0,0,0,0,0,0,0,0,0,0,0,1,0,0,0,0,0
8,14,女神之铠,0,57,2,3,0,0,0,29,0,0,0,45,0,0,40,0,80,0,0,0,0,0,0,0,0,0,0,0,1,0,0,0,0,0
8,15,天魔斗神之铠,0,147,2,3,0,0,0,44,0,0,0,80,0,0,150,0,70,0,0,0,0,0,0,0,0,0,0,0,0,1,0,0,0,0
8,16,灰鸦之铠,0,90,2,3,0,0,0,48,0,0,0,74,0,0,170,0,60,0,0,0,0,0,0,0,0,0,0,1,0,0,0,0,0,0
8,17,黑凤凰之铠,0,100,2,3,0,0,0,59,0,0,0,80,0,0,214,0,65,0,0,0,0,0,0,0,0,0,0,2,0,0,0,0,0,0
8,18,法魂玄灵之铠,0,91,2,3,0,0,0,33,0,0,0,67,0,0,59,0,20,0,0,0,0,0,0,0,0,0,2,0,0,0,0,0,0,0
8,19,圣灵之铠,0,92,2,3,0,0,0,37,0,0,0,74,0,0,50,0,110,0,0,0,0,0,0,0,0,0,0,0,2,0,0,0,0,0
8,20,毁灭之铠,0,107,2,3,0,0,0,55,0,0,0,82,0,0,170,0,70,0,0,0,0,0,0,0,0,0,0,0,0,1,0,0,0,0
8,21,277,0,0,2,3,0,0,0,75,0,0,0,86,0,0,0,0,0,0,0,0,0,0,0,0,0,0,0,1,0,0,0,0,0,0
8,22,278,0,0,2,3,0,0,0,43,0,0,0,75,0,0,0,0,0,0,0,0,0,0,0,0,0,0,1,0,0,0,0,0,0,0
8,23,279,0,0,2,3,0,0,0,73,0,0,0,90,0,0,0,0,0,0,0,0,0,0,0,0,0,0,0,0,0,1,0,0,0,0
8,24,280,0,0,2,3,0,0,0,55,0,0,0,80,0,0,0,0,0,0,0,0,0,0,0,0,0,0,0,0,1,0,0,0,0,0
8,25,281,0,0,2,3,0,0,0,0,0,0,0,0,0,0,0,0,0,0,0,0,0,0,0,0,0,0,1,0,0,0,0,0,0,0
8,26,282,0,0,2,3,0,0,0,0,0,0,0,0,0,0,0,0,0,0,0,0,0,0,0,0,0,0,0,0,0,0,0,0,0,0
8,27,283,0,0,2,3,0,0,0,0,0,0,0,0,0,0,0,0,0,0,0,0,0,0,0,0,0,0,0,0,0,0,0,0,0,0
8,28,284,0,0,2,3,0,0,0,0,0,0,0,0,0,0,0,0,0,0,0,0,0,0,0,0,0,0,0,0,0,0,0,0,0,0
8,29,285,0,0,2,3,0,0,0,0,0,0,0,0,0,0,0,0,0,0,0,0,0,0,0,0,0,0,0,0,0,0,0,0,0,0
8,30,286,0,0,2,3,0,0,0,0,0,0,0,0,0,0,0,0,0,0,0,0,0,0,0,0,0,0,0,0,0,0,0,0,0,0
8,31,287,0,0,2,3,0,0,0,0,0,0,0,0,0,0,0,0,0,0,0,0,0,0,0,0,0,0,0,0,0,0,0,0,0,0
9,0,神武护腿,0,15,2,2,0,0,0,10,0,0,0,34,0,0,80,0,20,0,0,0,0,0,0,0,0,0,0,1,0,1,0,0,0,0
9,1,龙王护腿,0,55,2,2,0,0,0,26,0,0,0,68,0,0,120,0,30,0,0,0,0,0,0,0,0,0,0,1,0,1,0,0,0,0
9,2,幻影护腿,0,8,2,2,0,0,0,5,0,0,0,28,0,0,30,0,0,0,0,0,0,0,0,0,0,0,1,0,0,1,0,0,0,0
9,3,传说之护腿,0,53,2,2,0,0,0,20,0,0,0,42,0,0,40,0,0,0,0,0,0,0,0,0,0,0,1,0,0,1,0,0,0,0
9,4,吞噬护腿,0,20,2,2,0,0,0,10,0,0,0,30,0,0,40,0,0,0,0,0,0,0,0,0,0,0,1,0,0,1,0,0,0,0
9,5,地狱护腿,0,8,2,2,0,0,0,7,0,0,0,30,0,0,80,0,0,0,0,0,0,0,0,0,0,0,0,1,0,1,0,0,0,0
9,6,暗黑斗神护腿,0,25,2,2,0,0,0,14,0,0,0,40,0,0,110,0,0,0,0,0,0,0,0,0,0,0,0,1,0,1,0,0,0,0
9,7,魔王之护腿,0,34,2,2,0,0,0,15,0,0,0,36,0,0,40,0,0,0,0,0,0,0,0,0,0,0,1,0,0,1,0,0,0,0
9,8,勇气护腿,0,35,2,2,0,0,0,18,0,0,0,44,0,0,100,0,30,0,0,0,0,0,0,0,0,0,0,1,0,1,0,0,0,0
9,9,泰坦护腿,0,45,2,2,0,0,0,22,0,0,0,50,0,0,130,0,0,0,0,0,0,0,0,0,0,0,0,1,0,1,0,0,0,0
9,10,炽天使护腿,0,8,2,2,0,0,0,6,0,0,0,22,0,0,30,0,60,0,0,0,0,0,0,0,0,0,0,0,1,0,0,0,0,0
9,11,紫灵护腿,0,18,2,2,0,0,0,10,0,0,0,26,0,0,30,0,70,0,0,0,0,0,0,0,0,0,0,0,1,0,0,0,0,0
9,12,圣女护腿,0,30,2,2,0,0,0,14,0,0,0,32,0,0,30,0,80,0,0,0,0,0,0,0,0,0,0,0,1,0,0,0,0,0
9,13,鸢尾护腿,0,42,2,2,0,0,0,18,0,0,0,38,0,0,40,0,80,0,0,0,0,0,0,0,0,0,0,0,1,0,0,0,0,0
9,14,女神之护腿,0,54,2,2,0,0,0,25,0,0,0,45,0,0,40,0,80,0,0,0,0,0,0,0,0,0,0,0,1,0,0,0,0,0
9,15,天魔斗神护腿,0,74,2,2,0,0,0,34,0,0,0,80,0,0,150,0,70,0,0,0,0,0,0,0,0,0,0,0,0,1,0,0,0,0
9,16,灰鸦护腿,0,84,2,2,0,0,0,40,0,0,0,74,0,0,170,0,60,0,0,0,0,0,0,0,0,0,0,1,0,0,0,0,0,0
9,17,黑凤凰护腿,0,96,2,2,0,0,0,50,0,0,0,80,0,0,207,0,63,0,0,0,0,0,0,0,0,0,0,2,0,0,0,0,0,0
9,18,法魂玄灵护腿,0,86,2,2,0,0,0,30,0,0,0,67,0,0,59,0,20,0,0,0,0,0,0,0,0,0,2,0,0,0,0,0,0,0
9,19,圣灵护腿,0,88,2,2,0,0,0,32,0,0,0,74,0,0,50,0,110,0,0,0,0,0,0,0,0,0,0,0,2,0,0,0,0,0
9,20,毁灭护腿,0,99,2,2,0,0,0,44,0,0,0,82,0,0,150,0,70,0,0,0,0,0,0,0,0,0,0,0,0,1,0,0,0,0
9,21,309,0,0,0,0,0,0,0,0,0,0,0,0,0,0,0,0,0,0,0,0,0,0,0,0,0,0,0,0,0,0,0,0,0,0
9,22,310,0,0,0,0,0,0,0,0,0,0,0,0,0,0,0,0,0,0,0,0,0,0,0,0,0,0,0,0,0,0,0,0,0,0
9,23,311,0,0,0,0,0,0,0,0,0,0,0,0,0,0,0,0,0,0,0,0,0,0,0,0,0,0,0,0,0,0,0,0,0,0
9,24,312,0,0,0,0,0,0,0,0,0,0,0,0,0,0,0,0,0,0,0,0,0,0,0,0,0,0,0,0,0,0,0,0,0,0
9,25,313,0,0,0,0,0,0,0,0,0,0,0,0,0,0,0,0,0,0,0,0,0,0,0,0,0,0,0,0,0,0,0,0,0,0
9,26,314,0,0,0,0,0,0,0,0,0,0,0,0,0,0,0,0,0,0,0,0,0,0,0,0,0,0,0,0,0,0,0,0,0,0
9,27,315,0,0,0,0,0,0,0,0,0,0,0,0,0,0,0,0,0,0,0,0,0,0,0,0,0,0,0,0,0,0,0,0,0,0
9,28,316,0,0,0,0,0,0,0,0,0,0,0,0,0,0,0,0,0,0,0,0,0,0,0,0,0,0,0,0,0,0,0,0,0,0
9,29,317,0,0,0,0,0,0,0,0,0,0,0,0,0,0,0,0,0,0,0,0,0,0,0,0,0,0,0,0,0,0,0,0,0,0
9,30,318,0,0,0,0,0,0,0,0,0,0,0,0,0,0,0,0,0,0,0,0,0,0,0,0,0,0,0,0,0,0,0,0,0,0
9,31,319,0,0,0,0,0,0,0,0,0,0,0,0,0,0,0,0,0,0,0,0,0,0,0,0,0,0,0,0,0,0,0,0,0,0
10,0,神武护手,0,13,2,2,0,0,0,4,0,4,0,34,0,0,80,0,20,0,0,0,0,0,0,0,0,0,0,1,0,1,0,0,0,0
10,1,龙王护手,0,52,2,2,0,0,0,14,0,6,0,68,0,0,120,0,30,0,0,0,0,0,0,0,0,0,0,1,0,1,0,0,0,0
10,2,幻影护手,0,3,2,2,0,0,0,2,0,0,0,28,0,0,20,0,0,0,0,0,0,0,0,0,0,0,1,0,0,1,0,0,0,0
10,3,传说之护手,0,44,2,2,0,0,0,11,0,0,0,42,0,0,20,0,0,0,0,0,0,0,0,0,0,0,1,0,0,1,0,0,0,0
10,4,吞噬护手,0,14,2,2,0,0,0,5,0,0,0,30,0,0,20,0,0,0,0,0,0,0,0,0,0,0,1,0,0,1,0,0,0,0
10,5,地狱护手,0,4,2,2,0,0,0,2,0,8,0,30,0,0,80,0,0,0,0,0,0,0,0,0,0,0,0,1,0,1,0,0,0,0
10,6,暗黑斗神护手,0,22,2,2,0,0,0,7,0,10,0,40,0,0,110,0,0,0,0,0,0,0,0,0,0,0,0,1,0,1,0,0,0,0
10,7,魔王之护手,0,28,2,2,0,0,0,8,0,0,0,36,0,0,20,0,0,0,0,0,0,0,0,0,0,0,1,0,0,1,0,0,0,0
10,8,勇气护手,0,32,2,2,0,0,0,9,0,8,0,44,0,0,100,0,30,0,0,0,0,0,0,0,0,0,0,1,0,1,0,0,0,0
10,9,泰坦护手,0,42,2,2,0,0,0,12,0,4,0,50,0,0,130,0,0,0,0,0,0,0,0,0,0,0,0,1,0,1,0,0,0,0
10,10,炽天使护手,0,4,2,2,0,0,0,2,0,4,0,22,0,0,30,0,60,0,0,0,0,0,0,0,0,0,0,0,1,0,0,0,0,0
10,11,紫灵护手,0,14,2,2,0,0,0,4,0,8,0,26,0,0,30,0,70,0,0,0,0,0,0,0,0,0,0,0,1,0,0,0,0,0
10,12,圣女护手,0,26,2,2,0,0,0,6,0,10,0,32,0,0,30,0,80,0,0,0,0,0,0,0,0,0,0,0,1,0,0,0,0,0
10,13,鸢尾护手,0,38,2,2,0,0,0,9,0,4,0,38,0,0,40,0,80,0,0,0,0,0,0,0,0,0,0,0,1,0,0,0,0,0
10,14,女神之护手,0,50,2,2,0,0,0,15,0,6,0,45,0,0,40,0,80,0,0,0,0,0,0,0,0,0,0,0,1,0,0,0,0,0
10,15,天魔斗神护手,0,70,2,2,0,0,0,20,0,6,0,80,0,0,150,0,70,0,0,0,0,0,0,0,0,0,0,0,0,1,0,0,0,0
10,16,灰鸦护手,0,76,2,2,0,0,0,22,0,6,0,74,0,0,170,0,60,0,0,0,0,0,0,0,0,0,0,1,0,0,0,0,0,0
10,17,黑凤凰护手,0,86,2,2,0,0,0,33,0,6,0,80,0,0,205,0,63,0,0,0,0,0,0,0,0,0,0,2,0,0,0,0,0,0
10,18,法魂玄灵护手,0,70,2,2,0,0,0,20,0,5,0,67,0,0,49,0,10,0,0,0,0,0,0,0,0,0,2,0,0,0,0,0,0,0
10,19,圣灵护手,0,72,2,2,0,0,0,22,0,6,0,74,0,0,50,0,110,0,0,0,0,0,0,0,0,0,0,0,2,0,0,0,0,0
10,20,毁灭护手,0,88,2,2,0,0,0,29,0,7,0,82,0,0,150,0,70,0,0,0,0,0,0,0,0,0,0,0,0,1,0,0,0,0
10,21,341,0,0,0,0,0,0,0,0,0,0,0,0,0,0,0,0,0,0,0,0,0,0,0,0,0,0,0,0,0,0,0,0,0,0
10,22,342,0,0,0,0,0,0,0,0,0,0,0,0,0,0,0,0,0,0,0,0,0,0,0,0,0,0,0,0,0,0,0,0,0,0
10,23,343,0,0,0,0,0,0,0,0,0,0,0,0,0,0,0,0,0,0,0,0,0,0,0,0,0,0,0,0,0,0,0,0,0,0
10,24,344,0,0,0,0,0,0,0,0,0,0,0,0,0,0,0,0,0,0,0,0,0,0,0,0,0,0,0,0,0,0,0,0,0,0
10,25,345,0,0,0,0,0,0,0,0,0,0,0,0,0,0,0,0,0,0,0,0,0,0,0,0,0,0,0,0,0,0,0,0,0,0
10,26,346,0,0,0,0,0,0,0,0,0,0,0,0,0,0,0,0,0,0,0,0,0,0,0,0,0,0,0,0,0,0,0,0,0,0
10,27,347,0,0,0,0,0,0,0,0,0,0,0,0,0,0,0,0,0,0,0,0,0,0,0,0,0,0,0,0,0,0,0,0,0,0
10,28,348,0,0,0,0,0,0,0,0,0,0,0,0,0,0,0,0,0,0,0,0,0,0,0,0,0,0,0,0,0,0,0,0,0,0
10,29,349,0,0,0,0,0,0,0,0,0,0,0,0,0,0,0,0,0,0,0,0,0,0,0,0,0,0,0,0,0,0,0,0,0,0
10,30,350,0,0,0,0,0,0,0,0,0,0,0,0,0,0,0,0,0,0,0,0,0,0,0,0,0,0,0,0,0,0,0,0,0,0
10,31,351,0,0,0,0,0,0,0,0,0,0,0,0,0,0,0,0,0,0,0,0,0,0,0,0,0,0,0,0,0,0,0,0,0,0
11,0,神武之靴,0,12,2,2,0,0,0,4,0,0,10,34,0,0,80,0,20,0,0,0,0,0,0,0,0,0,0,1,0,1,0,0,0,0
11,1,龙王之靴,0,54,2,2,0,0,0,15,0,0,2,68,0,0,120,0,30,0,0,0,0,0,0,0,0,0,0,1,0,1,0,0,0,0
11,2,幻影之靴,0,4,2,2,0,0,0,3,0,0,10,28,0,0,20,0,0,0,0,0,0,0,0,0,0,0,1,0,0,1,0,0,0,0
11,3,传说之靴,0,46,2,2,0,0,0,12,0,0,0,42,0,0,30,0,0,0,0,0,0,0,0,0,0,0,1,0,0,1,0,0,0,0
11,4,吞噬靴,0,16,2,2,0,0,0,6,0,0,6,30,0,0,30,0,0,0,0,0,0,0,0,0,0,0,1,0,0,1,0,0,0,0
11,5,地狱之靴,0,5,2,2,0,0,0,2,0,0,12,30,0,0,80,0,0,0,0,0,0,0,0,0,0,0,0,1,0,1,0,0,0,0
11,6,暗黑斗神靴,0,22,2,2,0,0,0,8,0,0,8,40,0,0,110,0,0,0,0,0,0,0,0,0,0,0,0,1,0,1,0,0,0,0
11,7,魔王之靴,0,30,2,2,0,0,0,9,0,0,8,36,0,0,30,0,0,0,0,0,0,0,0,0,0,0,1,0,0,1,0,0,0,0
11,8,勇气之靴,0,32,2,2,0,0,0,10,0,0,6,44,0,0,100,0,30,0,0,0,0,0,0,0,0,0,0,1,0,1,0,0,0,0
11,9,泰坦之靴,0,42,2,2,0,0,0,12,0,0,4,50,0,0,130,0,0,0,0,0,0,0,0,0,0,0,0,1,0,1,0,0,0,0
11,10,炽天使之靴,0,5,2,2,0,0,0,2,0,0,0,22,0,0,30,0,60,0,0,0,0,0,0,0,0,0,0,0,1,0,0,0,0,0
11,11,紫灵之靴,0,15,2,2,0,0,0,4,0,0,0,26,0,0,30,0,70,0,0,0,0,0,0,0,0,0,0,0,1,0,0,0,0,0
11,12,圣女之靴,0,27,2,2,0,0,0,7,0,0,0,32,0,0,30,0,80,0,0,0,0,0,0,0,0,0,0,0,1,0,0,0,0,0
11,13,鸢尾靴,0,40,2,2,0,0,0,10,0,0,0,38,0,0,40,0,80,0,0,0,0,0,0,0,0,0,0,0,1,0,0,0,0,0
11,14,女神之靴,0,52,2,2,0,0,0,16,0,0,0,45,0,0,40,0,80,0,0,0,0,0,0,0,0,0,0,0,1,0,0,0,0,0
11,15,天魔斗神之靴,0,72,2,2,0,0,0,22,0,0,2,80,0,0,150,0,70,0,0,0,0,0,0,0,0,0,0,0,0,1,0,0,0,0
11,16,灰鸦之靴,0,78,2,2,0,0,0,24,0,0,2,74,0,0,170,0,60,0,0,0,0,0,0,0,0,0,0,1,0,0,0,0,0,0
11,17,黑凤凰之靴,0,93,2,2,0,0,0,36,0,0,2,80,0,0,198,0,60,0,0,0,0,0,0,0,0,0,0,2,0,0,0,0,0,0
11,18,法魂玄灵之靴,0,76,2,2,0,0,0,22,0,0,0,67,0,0,59,0,10,0,0,0,0,0,0,0,0,0,2,0,0,0,0,0,0,0
11,19,圣灵之靴,0,81,2,2,0,0,0,23,0,0,0,74,0,0,50,0,110,0,0,0,0,0,0,0,0,0,0,0,2,0,0,0,0,0
11,20,毁灭之靴,0,92,2,2,0,0,0,32,0,0,2,82,0,0,150,0,70,0,0,0,0,0,0,0,0,0,0,0,0,1,0,0,0,0
11,21,373,0,0,0,0,0,0,0,0,0,0,0,0,0,0,0,0,0,0,0,0,0,0,0,0,0,0,0,0,0,0,0,0,0,0
11,22,374,0,0,0,0,0,0,0,0,0,0,0,0,0,0,0,0,0,0,0,0,0,0,0,0,0,0,0,0,0,0,0,0,0,0
11,23,375,0,0,0,0,0,0,0,0,0,0,0,0,0,0,0,0,0,0,0,0,0,0,0,0,0,0,0,0,0,0,0,0,0,0
11,24,376,0,0,0,0,0,0,0,0,0,0,0,0,0,0,0,0,0,0,0,0,0,0,0,0,0,0,0,0,0,0,0,0,0,0
11,25,377,0,0,0,0,0,0,0,0,0,0,0,0,0,0,0,0,0,0,0,0,0,0,0,0,0,0,0,0,0,0,0,0,0,0
11,26,378,0,0,0,0,0,0,0,0,0,0,0,0,0,0,0,0,0,0,0,0,0,0,0,0,0,0,0,0,0,0,0,0,0,0
11,27,379,0,0,0,0,0,0,0,0,0,0,0,0,0,0,0,0,0,0,0,0,0,0,0,0,0,0,0,0,0,0,0,0,0,0
11,28,380,0,0,0,0,0,0,0,0,0,0,0,0,0,0,0,0,0,0,0,0,0,0,0,0,0,0,0,0,0,0,0,0,0,0
11,29,381,0,0,0,0,0,0,0,0,0,0,0,0,0,0,0,0,0,0,0,0,0,0,0,0,0,0,0,0,0,0,0,0,0,0
11,30,382,0,0,0,0,0,0,0,0,0,0,0,0,0,0,0,0,0,0,0,0,0,0,0,0,0,0,0,0,0,0,0,0,0,0
11,31,383,0,0,0,0,0,0,0,0,0,0,0,0,0,0,0,0,0,0,0,0,0,0,0,0,0,0,0,0,0,0,0,0,0,0
12,0,精灵之翼,0,100,3,2,0,0,0,10,0,0,0,200,0,0,0,0,0,0,0,180,0,0,0,0,0,0,0,0,1,0,0,0,0,0
12,1,天使之翼,0,100,5,3,0,0,0,10,0,0,0,200,0,0,0,0,0,0,0,180,0,0,0,0,0,0,1,0,0,1,0,0,0,0
12,2,恶魔之翼,0,100,5,2,0,0,0,20,0,0,0,200,0,0,0,0,0,0,0,180,0,0,0,0,0,0,0,1,0,1,0,0,0,0
12,3,圣灵之翼,0,150,5,3,0,0,0,30,0,0,0,200,0,0,0,0,0,0,0,215,0,0,0,0,0,0,0,0,2,0,0,0,0,0
12,4,魔魂之翼,0,150,5,3,0,0,0,30,0,0,0,200,0,0,0,0,0,0,0,215,0,0,0,0,0,0,2,0,0,0,0,0,0,0
12,5,飞龙之翼,0,150,3,4,0,0,0,45,0,0,0,200,0,0,0,0,0,0,0,215,0,0,0,0,0,0,0,2,0,0,0,0,0,0
12,6,暗黑之翼,0,150,4,2,0,0,0,40,0,0,0,200,0,0,0,0,0,0,0,215,0,0,0,0,0,0,0,0,0,1,0,0,0,0
12,7,霹雳回旋斩之石,0,47,1,1,0,0,0,0,0,0,0,0,0,0,0,0,0,0,0,80,0,0,156,131,1,0,0,1,0,1,0,0,0,0
12,8,治疗之石,0,8,1,1,0,0,0,0,0,0,0,0,0,0,0,0,0,0,10,0,0,0,93,3,0,0,0,0,1,0,0,0,0,0
12,9,防御之石,0,13,1,1,0,0,0,0,0,0,0,0,0,0,0,0,0,0,10,0,0,0,175,11,0,0,0,0,1,0,0,0,0,0
12,10,攻击之石,0,18,1,1,0,0,0,0,0,0,0,0,0,0,0,0,0,0,10,0,0,0,8,28,0,0,0,0,1,0,0,0,0,0
12,11,召唤之石,0,3,1,1,0,0,0,0,0,0,0,0,0,0,0,0,0,0,10,0,0,0,150,0,0,0,0,0,1,0,0,0,0,0
12,12,雷霆裂闪之石,0,78,1,1,0,0,0,0,0,0,0,0,0,0,0,0,0,0,0,170,0,0,202,23,6,0,0,2,0,0,0,0,0,0
12,13,钻云枪之石,0,20,1,1,0,0,0,0,0,0,0,0,0,0,0,0,0,0,0,28,0,0,83,37,0,0,0,1,0,1,0,0,0,0
12,14,生命之光之石,0,60,1,1,0,0,0,0,0,0,0,0,0,0,0,0,0,0,0,120,0,0,76,246,2,0,0,1,0,0,0,0,0,0
12,15,玛雅之石,0,12,1,1,0,0,0,0,0,0,0,0,0,0,0,0,0,0,0,0,0,0,0,0,0,0,1,1,1,1,0,0,0,0
12,16,玄月斩之石,0,60,1,1,0,0,0,0,0,0,0,0,0,0,64,1,0,0,0,0,0,0,76,246,2,0,0,0,0,1,0,0,0,0
12,17,穿透箭之石,0,64,1,1,0,0,0,0,0,0,0,0,0,0,0,0,0,0,0,130,0,0,124,137,3,0,0,0,1,0,0,0,0,0
12,18,冰封箭之石,0,81,1,1,0,0,0,0,0,0,0,0,0,0,0,0,2,1,0,0,0,0,85,194,6,0,0,0,2,0,0,0,0,0
12,19,袭风刺之石,0,72,1,1,0,0,0,0,0,0,0,0,0,0,0,0,0,0,0,160,0,0,177,227,4,0,0,2,0,0,0,0,0,0
12,20,404,0,0,0,0,0,0,0,0,0,0,0,0,0,0,0,0,0,0,0,0,0,0,0,0,0,0,0,0,0,0,0,0,0,0
12,21,405,0,0,0,0,0,0,0,0,0,0,0,0,0,0,0,0,0,0,0,0,0,0,0,0,0,0,0,0,0,0,0,0,0,0
12,22,406,0,0,0,0,0,0,0,0,0,0,0,0,0,0,0,0,0,0,0,0,0,0,0,0,0,0,0,0,0,0,0,0,0,0
12,23,407,0,0,0,0,0,0,0,0,0,0,0,0,0,0,0,0,0,0,0,0,0,0,0,0,0,0,0,0,0,0,0,0,0,0
12,24,408,0,0,0,0,0,0,0,0,0,0,0,0,0,0,0,0,0,0,0,0,0,0,0,0,0,0,0,0,0,0,0,0,0,0
12,25,409,0,0,0,0,0,0,0,0,0,0,0,0,0,0,0,0,0,0,0,0,0,0,0,0,0,0,0,0,0,0,0,0,0,0
12,26,410,0,0,0,0,0,0,0,0,0,0,0,0,0,0,0,0,0,0,0,0,0,0,0,0,0,0,0,0,0,0,0,0,0,0
12,27,411,0,0,0,0,0,0,0,0,0,0,0,0,0,0,0,0,0,0,0,0,0,0,0,0,0,0,0,0,0,0,0,0,0,0
12,28,412,0,0,0,0,0,0,0,0,0,0,0,0,0,0,0,0,0,0,0,0,0,0,0,0,0,0,0,0,0,0,0,0,0,0
12,29,413,0,0,0,0,0,0,0,0,0,0,0,0,0,0,0,0,0,0,0,0,0,0,0,0,0,0,0,0,0,0,0,0,0,0
12,30,414,0,0,0,0,0,0,0,0,0,0,0,0,0,0,0,0,0,0,0,0,0,0,0,0,0,0,0,0,0,0,0,0,0,0
12,31,415,0,0,0,0,0,0,0,0,0,0,0,0,0,0,0,0,0,0,0,0,0,0,0,0,0,0,0,0,0,0,0,0,0,0
13,0,守护天使,0,23,1,1,0,0,0,0,0,0,0,255,0,0,0,0,0,0,0,23,0,0,0,0,0,0,1,1,1,1,0,0,0,0
13,1,小恶魔,0,28,1,1,0,0,0,0,0,0,0,255,0,0,0,0,0,0,0,28,0,0,0,0,0,0,1,1,1,1,0,0,0,0
13,2,兽角,0,25,1,1,0,0,0,0,0,0,0,255,0,0,0,0,0,0,0,25,0,0,0,0,0,0,1,1,1,1,0,0,0,0
13,3,彩云兽,0,110,1,1,0,0,0,0,0,0,0,255,0,0,0,0,0,0,0,110,0,0,0,0,0,0,1,1,1,1,0,0,0,0
13,4,420,0,0,0,0,0,0,0,0,0,0,0,0,0,0,0,0,0,0,0,0,0,0,0,0,0,0,0,0,0,0,0,0,0,0
13,5,421,0,0,0,0,0,0,0,0,0,0,0,0,0,0,0,0,0,0,0,0,0,0,0,0,0,0,0,0,0,0,0,0,0,0
13,6,422,0,0,0,0,0,0,0,0,0,0,0,0,0,0,0,0,0,0,0,0,0,0,0,0,0,0,0,0,0,0,0,0,0,0
13,7,423,0,0,0,0,0,0,0,0,0,0,0,0,0,0,0,0,0,0,0,0,0,0,0,0,0,0,0,0,0,0,0,0,0,0
13,8,冰之指环,0,20,1,1,0,0,0,0,0,0,0,50,0,0,0,0,0,0,0,20,0,0,0,0,0,0,1,1,1,1,1,0,0,0
13,9,毒之指环,0,17,1,1,0,0,0,0,0,0,0,50,0,0,0,0,0,0,0,17,0,0,0,0,0,0,1,1,1,1,0,1,0,0
13,10,变身戒指,0,1,1,1,0,0,0,0,0,0,0,200,0,0,0,0,0,0,0,1,0,0,0,0,0,0,1,1,1,1,0,0,0,0
13,11,427,0,0,0,0,0,0,0,0,0,0,0,0,0,0,0,0,0,0,0,0,0,0,0,0,0,0,0,0,0,0,0,0,0,0
13,12,雷之项链,0,21,1,1,0,0,0,0,0,0,0,50,0,0,0,0,0,0,0,21,0,0,0,0,0,0,1,1,1,1,0,0,1,0
13,13,火之项链,0,13,1,1,0,0,0,0,0,0,0,50,0,0,0,0,0,0,0,13,0,0,0,0,0,0,1,1,1,1,0,0,0,1
13,14,洛克之羽,0,78,1,2,0,0,0,0,0,0,0,0,0,0,0,0,0,0,0,78,0,0,0,0,0,0,1,1,1,1,0,0,0,0
13,15,果实,0,0,1,1,0,0,0,0,0,0,0,0,0,0,0,0,0,0,0,0,0,0,0,0,0,0,1,1,1,1,0,0,0,0
13,16,血灵之书,0,0,1,2,0,0,0,0,0,0,0,128,0,0,0,0,0,0,0,0,0,0,0,0,0,0,1,1,1,1,0,0,0,0
13,17,血灵之骷,0,0,1,2,0,0,0,0,0,0,0,128,0,0,0,0,0,0,0,0,0,0,0,0,0,0,1,1,1,1,0,0,0,0
13,18,透明披风,0,0,2,2,0,0,0,0,0,0,0,255,0,0,0,0,0,0,0,0,0,0,0,0,0,0,1,1,1,1,0,0,0,0
13,19,大天使之武器,0,0,1,2,0,0,0,0,0,0,0,255,0,0,0,0,0,0,0,0,0,0,0,0,0,0,1,1,1,1,0,0,0,0
13,20,436,0,0,0,0,0,0,0,0,0,0,0,0,0,0,0,0,0,0,0,0,0,0,0,0,0,0,0,0,0,0,0,0,0,0
13,21,437,0,0,0,0,0,0,0,0,0,0,0,0,0,0,0,0,0,0,0,0,0,0,0,0,0,0,0,0,0,0,0,0,0,0
13,22,438,0,0,0,0,0,0,0,0,0,0,0,0,0,0,0,0,0,0,0,0,0,0,0,0,0,0,0,0,0,0,0,0,0,0
13,23,439,0,0,0,0,0,0,0,0,0,0,0,0,0,0,0,0,0,0,0,0,0,0,0,0,0,0,0,0,0,0,0,0,0,0
13,24,440,0,0,0,0,0,0,0,0,0,0,0,0,0,0,0,0,0,0,0,0,0,0,0,0,0,0,0,0,0,0,0,0,0,0
13,25,441,0,0,0,0,0,0,0,0,0,0,0,0,0,0,0,0,0,0,0,0,0,0,0,0,0,0,0,0,0,0,0,0,0,0
13,26,442,0,0,0,0,0,0,0,0,0,0,0,0,0,0,0,0,0,0,0,0,0,0,0,0,0,0,0,0,0,0,0,0,0,0
13,27,443,0,0,0,0,0,0,0,0,0,0,0,0,0,0,0,0,0,0,0,0,0,0,0,0,0,0,0,0,0,0,0,0,0,0
13,28,444,0,0,0,0,0,0,0,0,0,0,0,0,0,0,0,0,0,0,0,0,0,0,0,0,0,0,0,0,0,0,0,0,0,0
13,29,445,0,0,0,0,0,0,0,0,0,0,0,0,0,0,0,0,0,0,0,0,0,0,0,0,0,0,0,0,0,0,0,0,0,0
13,30,446,0,0,0,0,0,0,0,0,0,0,0,0,0,0,0,0,0,0,0,0,0,0,0,0,0,0,0,0,0,0,0,0,0,0
13,31,447,0,0,0,0,0,0,0,0,0,0,0,0,0,0,0,0,0,0,0,0,0,0,0,0,0,0,0,0,0,0,0,0,0,0
14,0,苹果,0,1,1,1,0,0,0,0,0,0,0,0,0,0,0,0,0,0,0,0,5,0,0,0,0,0,0,0,0,0,0,0,0,0
14,1,小瓶治疗药水,0,10,1,1,0,0,0,0,0,0,0,0,0,0,0,0,0,0,0,0,10,0,0,0,0,0,0,0,0,0,0,0,0,0
14,2,中瓶治疗药水,0,25,1,1,0,0,0,0,0,0,0,0,0,0,0,0,0,0,0,0,20,0,0,0,0,0,0,0,0,0,0,0,0,0
14,3,大瓶治疗药水,0,40,1,1,0,0,0,0,0,0,0,0,0,0,0,0,0,0,0,0,30,0,0,0,0,0,0,0,0,0,0,0,0,0
14,4,小瓶魔力药水,0,10,1,1,0,0,0,0,0,0,0,0,0,0,0,0,0,0,0,0,10,0,0,0,0,0,0,0,0,0,0,0,0,0
14,5,中瓶魔力药水,0,25,1,1,0,0,0,0,0,0,0,0,0,0,0,0,0,0,0,0,20,0,0,0,0,0,0,0,0,0,0,0,0,0
14,6,大瓶魔力药水,0,40,1,1,0,0,0,0,0,0,0,0,0,0,0,0,0,0,0,0,30,0,0,0,0,0,0,0,0,0,0,0,0,0
14,7,455,0,0,0,0,0,0,0,0,0,0,0,0,0,0,0,0,0,0,0,0,0,0,0,0,0,0,0,0,0,0,0,0,0,0
14,8,解毒剂,0,10,1,1,0,0,0,0,0,0,0,0,0,0,0,0,0,0,0,0,10,0,0,0,0,0,0,0,0,0,0,0,0,0
14,9,酒,0,15,1,2,0,0,0,0,0,0,0,0,0,0,0,0,0,0,0,0,30,0,0,0,0,0,0,0,0,0,0,0,0,0
14,10,回城卷轴,0,30,1,2,0,0,0,0,0,0,0,0,0,0,0,0,0,0,0,0,30,0,0,0,0,0,0,0,0,0,0,0,0,0
14,11,幸运宝箱,0,0,1,1,0,0,0,0,0,0,0,0,0,0,0,0,0,0,0,0,0,0,0,0,0,0,0,0,0,0,0,0,0,0
14,12,心之记忆,0,0,1,1,0,0,0,0,0,0,0,0,0,0,0,0,0,0,0,0,0,0,0,0,0,0,0,0,0,0,0,0,0,0
14,13,祝福宝石,0,25,1,1,0,0,0,0,0,0,0,0,0,0,0,0,0,0,0,0,150,0,0,0,0,0,0,0,0,0,0,0,0,0
14,14,灵魂宝石,0,30,1,1,0,0,0,0,0,0,0,0,0,0,0,0,0,0,0,0,150,0,0,0,0,0,0,0,0,0,0,0,0,0
14,15,金,0,0,1,1,0,0,0,0,0,0,0,0,0,0,0,0,0,0,0,0,0,0,0,0,0,0,0,0,0,0,0,0,0,0
14,16,生命宝石,0,72,1,1,0,0,0,0,0,0,0,0,0,0,0,0,0,0,0,0,0,0,0,0,0,0,0,0,0,0,0,0,0,0
14,17,恶魔之眼,0,1,1,1,0,0,0,0,0,0,0,0,0,0,0,0,0,0,0,0,0,0,0,0,0,0,0,0,0,0,0,0,0,0
14,18,恶魔之钥,0,1,1,1,0,0,0,0,0,0,0,0,0,0,0,0,0,0,0,0,0,0,0,0,0,0,0,0,0,0,0,0,0,0
14,19,恶魔广场通行证,0,0,1,1,0,0,0,0,0,0,0,0,0,0,0,0,0,0,0,0,0,0,0,0,0,0,0,0,0,0,0,0,0,0
14,20,爱情的魔力,0,0,1,1,0,0,0,0,0,0,0,0,0,0,0,0,0,0,0,0,0,0,0,0,0,0,0,0,0,0,0,0,0,0
14,21,奇迹通宝,0,0,1,1,0,0,0,0,0,0,0,0,0,0,0,0,0,0,0,0,0,0,0,0,0,0,0,0,0,0,0,0,0,0
14,22,创造宝石,0,78,1,1,0,0,0,0,0,0,0,0,0,0,0,0,0,0,0,0,0,0,0,0,0,0,0,0,0,0,0,0,0,0
14,23,帝王之书,0,0,1,1,0,0,0,0,0,0,0,0,0,0,0,0,0,0,0,0,0,0,0,0,0,0,0,0,0,0,0,0,0,0
14,24,断魂之剑,0,0,1,2,0,0,0,0,0,0,0,0,0,0,0,0,0,0,0,0,0,0,0,0,0,0,0,0,0,0,0,0,0,0
14,25,精灵之泪,0,0,1,1,0,0,0,0,0,0,0,0,0,0,0,0,0,0,0,0,0,0,0,0,0,0,0,0,0,0,0,0,0,0
14,26,先知之魂,0,0,1,1,0,0,0,0,0,0,0,0,0,0,0,0,0,0,0,0,0,0,0,0,0,0,0,0,0,0,0,0,0,0
14,27,475,0,0,0,0,0,0,0,0,0,0,0,0,0,0,0,0,0,0,0,0,0,0,0,0,0,0,0,0,0,0,0,0,0,0
14,28,476,0,0,0,0,0,0,0,0,0,0,0,0,0,0,0,0,0,0,0,0,0,0,0,0,0,0,0,0,0,0,0,0,0,0
14,29,477,0,0,0,0,0,0,0,0,0,0,0,0,0,0,0,0,0,0,0,0,0,0,0,0,0,0,0,0,0,0,0,0,0,0
14,30,478,0,0,0,0,0,0,0,0,0,0,0,0,0,0,0,0,0,0,0,0,0,0,0,0,0,0,0,0,0,0,0,0,0,0
14,31,479,0,0,0,0,0,0,0,0,0,0,0,0,0,0,0,0,0,0,0,0,0,0,0,0,0,0,0,0,0,0,0,0,0,0
15,0,毒咒术,0,30,1,2,30,45,0,0,0,0,0,0,0,0,0,0,0,0,10,0,0,0,13,113,0,0,1,0,0,1,0,0,0,0
15,1,陨石术,0,21,1,2,21,31,0,0,0,0,0,0,0,0,0,0,0,0,10,0,0,0,162,42,0,0,1,0,0,1,0,0,0,0
15,2,掌心雷术,0,13,1,2,13,19,0,0,0,0,0,0,0,0,0,0,0,0,10,0,0,0,175,11,0,0,1,0,0,1,0,0,0,0
15,3,火球术,0,5,1,2,5,7,0,0,0,0,0,0,0,0,0,0,0,0,10,0,0,0,50,1,0,0,1,0,0,1,0,0,0,0
15,4,火龙术,0,35,1,2,35,52,0,0,0,0,0,0,0,0,0,0,0,0,10,0,0,0,134,172,0,0,1,0,0,1,0,0,0,0
15,5,瞬间移动术,0,17,1,2,17,25,0,0,0,0,0,0,0,0,0,0,0,0,10,0,0,0,3,24,0,0,1,0,0,0,0,0,0,0
15,6,冰封术,0,25,1,2,25,37,0,0,0,0,0,0,0,0,0,0,0,0,10,0,0,0,160,68,0,0,1,0,0,1,0,0,0,0
15,7,龙卷风术,0,40,1,2,40,60,0,0,0,0,0,0,0,0,0,0,0,0,10,0,0,0,232,248,0,0,1,0,0,1,0,0,0,0
15,8,黑龙波术,0,50,1,2,50,75,0,0,0,0,0,0,0,0,0,0,0,0,10,0,0,0,114,203,1,0,1,0,0,1,0,0,0,0
15,9,地狱火术,0,60,1,2,60,90,0,0,0,0,0,0,0,0,0,0,0,0,10,0,0,0,76,246,2,0,1,0,0,1,0,0,0,0
15,10,真空波术,0,9,1,2,9,13,0,0,0,0,0,0,0,0,0,0,0,0,10,0,0,0,128,4,0,0,1,0,0,1,0,0,0,0
15,11,极光术,0,74,1,2,74,111,0,0,0,0,0,0,0,0,0,0,0,0,11,0,0,0,157,69,5,0,1,1,1,1,0,0,0,0
15,12,爆炎术,0,80,1,2,80,120,0,0,0,0,0,0,0,0,0,0,0,0,13,0,0,0,59,136,6,0,1,0,0,1,0,0,0,0
15,13,毁灭烈焰术,0,93,1,2,93,139,0,0,0,0,0,0,0,0,0,0,0,0,15,0,0,0,216,225,9,0,1,0,0,1,0,0,0,0
15,14,小挪移术,0,78,1,2,78,117,0,0,0,0,0,0,0,0,0,0,0,0,20,0,0,0,202,23,6,0,2,0,0,0,0,0,0,0
15,15,守护之魂术,0,72,1,2,72,108,0,0,0,0,0,0,0,0,0,0,0,0,17,0,0,0,177,227,4,0,1,0,0,0,0,0,0,0
15,16,496,0,0,0,0,0,0,0,0,0,0,0,0,0,0,0,0,0,0,0,0,0,0,0,0,0,0,0,0,0,0,0,0,0,0
15,17,497,0,0,0,0,0,0,0,0,0,0,0,0,0,0,0,0,0,0,0,0,0,0,0,0,0,0,0,0,0,0,0,0,0,0
15,18,498,0,0,0,0,0,0,0,0,0,0,0,0,0,0,0,0,0,0,0,0,0,0,0,0,0,0,0,0,0,0,0,0,0,0
15,19,499,0,0,0,0,0,0,0,0,0,0,0,0,0,0,0,0,0,0,0,0,0,0,0,0,0,0,0,0,0,0,0,0,0,0
15,20,500,0,0,0,0,0,0,0,0,0,0,0,0,0,0,0,0,0,0,0,0,0,0,0,0,0,0,0,0,0,0,0,0,0,0
15,21,501,0,0,0,0,0,0,0,0,0,0,0,0,0,0,0,0,0,0,0,0,0,0,0,0,0,0,0,0,0,0,0,0,0,0
15,22,502,0,0,0,0,0,0,0,0,0,0,0,0,0,0,0,0,0,0,0,0,0,0,0,0,0,0,0,0,0,0,0,0,0,0
15,23,503,0,0,0,0,0,0,0,0,0,0,0,0,0,0,0,0,0,0,0,0,0,0,0,0,0,0,0,0,0,0,0,0,0,0
15,24,504,0,0,0,0,0,0,0,0,0,0,0,0,0,0,0,0,0,0,0,0,0,0,0,0,0,0,0,0,0,0,0,0,0,0
15,25,505,0,0,0,0,0,0,0,0,0,0,0,0,0,0,0,0,0,0,0,0,0,0,0,0,0,0,0,0,0,0,0,0,0,0
15,26,506,0,0,0,0,0,0,0,0,0,0,0,0,0,0,0,0,0,0,0,0,0,0,0,0,0,0,0,0,0,0,0,0,0,0
15,27,507,0,0,0,0,0,0,0,0,0,0,0,0,0,0,0,0,0,0,0,0,0,0,0,0,0,0,0,0,0,0,0,0,0,0
15,28,508,0,0,0,0,0,0,0,0,0,0,0,0,0,0,0,0,0,0,0,0,0,0,0,0,0,0,0,0,0,0,0,0,0,0
15,29,509,0,0,0,0,0,0,0,0,0,0,0,0,0,0,0,0,0,0,0,0,0,0,0,0,0,0,0,0,0,0,0,0,0,0
15,30,510,0,0,0,0,0,0,0,0,0,0,0,0,0,0,0,0,0,0,0,0,0,0,0,0,0,0,0,0,0,0,0,0,0,0
15,31,511,0,0,0,0,0,0,0,0,0,0,0,0,0,0,0,0,0,0,0,0,0,0,0,0,0,0,0,0,0,0,0,0,0,0
